<?xml version="1.0" encoding="UTF-8"?><rss version="2.0"
	xmlns:content="http://purl.org/rss/1.0/modules/content/"
	xmlns:wfw="http://wellformedweb.org/CommentAPI/"
	xmlns:dc="http://purl.org/dc/elements/1.1/"
	xmlns:atom="http://www.w3.org/2005/Atom"
	xmlns:sy="http://purl.org/rss/1.0/modules/syndication/"
	xmlns:slash="http://purl.org/rss/1.0/modules/slash/"
	>

<channel>
	<title>Uncategorised &#8211; todayliveggfv</title>
	<atom:link href="https://www.tools365.xyz/category/uncategorised/feed" rel="self" type="application/rss+xml" />
	<link>https://www.tools365.xyz/</link>
	<description>Just another WordPress site</description>
	<lastBuildDate>Tue, 18 May 2021 14:18:14 +0000</lastBuildDate>
	<language>en-GB</language>
	<sy:updatePeriod>
	hourly	</sy:updatePeriod>
	<sy:updateFrequency>
	1	</sy:updateFrequency>
	<generator>https://wordpress.org/?v=5.7.2</generator>
	<item>
		<title>Hello world!</title>
		<link>https://www.tools365.xyz/2021/05/hello-world?utm_source=rss&#038;utm_medium=rss&#038;utm_campaign=hello-world</link>
					<comments>https://www.tools365.xyz/2021/05/hello-world#comments</comments>
		
		<dc:creator><![CDATA[neel100]]></dc:creator>
		<pubDate>Tue, 18 May 2021 14:18:14 +0000</pubDate>
				<category><![CDATA[Uncategorised]]></category>
		<guid isPermaLink="false">https://www.tools365.xyz/?p=1</guid>

					<description><![CDATA[<p>Welcome to WordPress. This is your first post. Edit or delete it, then start writing!</p>
<p>The post <a rel="nofollow" href="https://www.tools365.xyz/2021/05/hello-world">Hello world!</a> appeared first on <a rel="nofollow" href="https://www.tools365.xyz/">todayliveggfv</a>.</p>
]]></description>
										<content:encoded><![CDATA[
<p>Welcome to WordPress. This is your first post. Edit or delete it, then start writing!</p>
<p>The post <a rel="nofollow" href="https://www.tools365.xyz/2021/05/hello-world">Hello world!</a> appeared first on <a rel="nofollow" href="https://www.tools365.xyz/">todayliveggfv</a>.</p>
]]></content:encoded>
					
					<wfw:commentRss>https://www.tools365.xyz/2021/05/hello-world/feed</wfw:commentRss>
			<slash:comments>1</slash:comments>
		
		
			</item>
	</channel>
</rss>
